id,angle,template,headline,caption,posted_date,views,likes,comments,shares,saves,profile_visits,notes
fret_20260916_identify_A_01,identify,A,What is this chord?,Found a shape you love but no idea what it's called? Identify mode names it. #guitar #guitartok #guitartheory #guitarlesson #jazzguitar,,,,,,,,
fret_20260916_identify_A_02,identify,A,You found it by accident.,"That dark, cinematic chord you stumbled into has a name. #guitar #guitartok #guitartheory #guitarlesson",,,,,,,,
fret_20260916_identify_B_01,identify,B,Name this chord.,Name this chord 👇 Answer's upside down. #guitar #guitartok #guitartheory #guitarlesson #guitarquiz,,,,,,,,
fret_20260916_identify_B_02,identify,B,Name this chord.,Name this chord 👇 Answer's upside down. #guitar #guitartok #guitartheory #guitarlesson #guitarquiz,,,,,,,,
fret_20260916_identify_B_03,identify,B,Name this chord.,Easy one. Name this chord 👇 #guitar #guitartok #guitartheory #guitarlesson #guitarquiz #beginnerguitar,,,,,,,,
fret_20260916_caged_A_01,caged,A,Five shapes. One neck.,The CAGED system is just five chord shapes that tile the whole neck. Here they are in G. #guitar #guitartok #guitartheory #guitarlesson #cagedsystem,,,,,,,,
fret_20260916_caged_B_01,caged,B,Which shape is this?,Which CAGED shape is this? 👇 #guitar #guitartok #guitartheory #guitarlesson #cagedsystem #guitarquiz,,,,,,,,
fret_20260916_caged_C_01,caged,C,The CAGED map in G major.,"Save this: the CAGED map for G major, low to high. #guitar #guitartok #guitartheory #guitarlesson #cagedsystem",,,,,,,,
fret_20260916_positions_A_01,positions,A,Stuck in box 1?,Pentatonic box 1 is a great start and a terrible place to live. #guitar #guitartok #guitartheory #guitarlesson #pentatonic #guitarsolo,,,,,,,,
fret_20260916_positions_C_01,positions,C,All 5 positions.,Save this: all 5 A minor pentatonic positions. Learn one a week. #guitar #guitartok #guitartheory #guitarlesson #pentatonic,,,,,,,,
fret_20260916_anatomy_A_01,anatomy,A,What's inside a maj9?,A maj9 is just five notes. Here's what each one is doing. #guitar #guitartok #guitartheory #guitarlesson #jazzguitar #neosoul,,,,,,,,
fret_20260916_anatomy_C_01,anatomy,C,"Seventh chords, decoded.",Save this: every seventh chord is one note away from another. #guitar #guitartok #guitartheory #guitarlesson #jazzguitar,,,,,,,,
fret_20260916_anatomy_C_02,anatomy,C,"Extended chords, decoded.","Save this: what the numbers in 9, 11 and 13 chords actually mean. #guitar #guitartok #guitartheory #guitarlesson #jazzguitar #rnb",,,,,,,,
fret_20260916_modes_A_01,modes,A,The dreamy sound is one note.,Lydian sounds dreamy because of one note: the ♯4. #guitar #guitartok #guitartheory #guitarlesson #modes #lydian,,,,,,,,
fret_20260916_modes_A_02,modes,A,That Spanish sound? It's the ♭2.,"That Spanish / metal sound is Phrygian, and it's all in the ♭2. #guitar #guitartok #guitartheory #guitarlesson #modes #metalguitar",,,,,,,,
fret_20260916_modes_C_01,modes,C,"7 modes, bright to dark.","Save this: the 7 modes from brightest to darkest, and the one note that makes each one. #guitar #guitartok #guitartheory #guitarlesson #modes",,,,,,,,
fret_20260916_spelling_A_01,spelling,A,"It's E♭, not D#.","C Dorian has an E♭ in it, not a D#. Fretionary spells every note the way it's written. #guitar #guitartok #guitartheory #guitarlesson #musictheory",,,,,,,,
fret_20260916_progressions_C_01,progressions,C,Steal this progression.,"Steal this shoegaze progression. Dmaj7, Bm7, F#m7, Gmaj7. Drown it in reverb. #guitar #guitartok #guitartheory #guitarlesson #shoegaze",,,,,,,,
fret_20260916_progressions_A_01,progressions,A,Neo-soul in 4 chords.,Neo-soul in a few chords. Play them slow and let them ring. #guitar #guitartok #guitartheory #guitarlesson #neosoul #rnbguitar,,,,,,,,
fret_20260916_practice_B_01,practice,B,Name every note on fret 5.,10 seconds. Name every note on the 5th fret 👇 #guitar #guitartok #guitartheory #guitarlesson #guitarquiz #fretboard,,,,,,,,
fret_20260916_practice_A_01,practice,A,Know the neck without counting.,Stop counting up from the open string. Drill the neck until you just know it. #guitar #guitartok #guitartheory #guitarlesson #fretboard,,,,,,,,
fret_20260918_plateau_D_01,plateau,D,Played for years? Still in one box?,Most players learn one pentatonic box and stay there for years. The rest of the neck was there the whole time. #guitar #guitartok #guitartheory #guitarlesson #pentatonic #guitarsolo,,,,,,,,
fret_20260918_plateau_D_02,plateau,D,You know G in one place.,"You learned one G chord years ago. There are four more places to play it, and they all connect. #guitar #guitartok #guitartheory #guitarlesson #cagedsystem",,,,,,,,
fret_20260918_plateau_C_01,plateau,C,Stuck at intermediate?,"If three of these hit home, you're not bad at guitar. You're missing a map. #guitar #guitartok #guitartheory #guitarlesson #guitarplayer",,,,,,,,
fret_20260918_theory_A_01,theory,A,Theory without the sheet music.,You don't need to read music to understand theory. You need to see it. #guitar #guitartok #guitartheory #guitarlesson #musictheory,,,,,,,,
fret_20260918_songs_A_01,songs,A,Why do so many songs sound alike?,"G, D, Em, C. You've played these a thousand times. Here's why they work together. #guitar #guitartok #guitartheory #guitarlesson #songwriting",,,,,,,,
fret_20260918_direct_E_01,direct,E,Learn the fretboard. Finally.,"Every note on the neck, mapped. Fretionary is on iOS and Android. #guitar #guitartok #guitartheory #guitarlesson #fretboard",,,,,,,,
fret_20260918_direct_E_02,direct,E,Can you fill in this fretboard?,Most players can't fill this in. Can you? 👇 Fretionary teaches it one string at a time. #guitar #guitartok #guitartheory #guitarlesson #fretboard,,,,,,,,
fret_20260918_direct_E_03,direct,E,Every scale. Every chord. Every key.,"Every scale, every chord, every key, on the neck in front of you. #guitar #guitartok #guitartheory #guitarlesson #guitartheory",,,,,,,,
fret_20260918_direct_E_04,direct,E,Look it up. See it on the neck.,The fretboard dictionary. Look up any scale or chord and see exactly where it lives on the neck. #guitar #guitartok #guitartheory #guitarlesson,,,,,,,,
